{"cameraMode":{"drawMode":0,"name":"Shaded","section":"Shading Mode"},"sceneLighting":true,"audioPlay":false,"sceneViewState":{"m_AlwaysRefresh":false,"showFog":true,"showSkybox":true,"showFlares":true,"showImageEffects":true,"showParticleSystems":true,"showVisualEffectGraphs":true,"m_FxEnabled":true},"in2DMode":false,"pivot":{"x":4.556363105773926,"y":0.34479641914367678,"z":-1.7653084993362427},"rotation":{"x":0.16499699652194978,"y":0.7759885787963867,"z":-0.22658894956111909,"w":0.5650676488876343},"size":9.544478416442871,"orthographic":true}