{"cameraMode":{"drawMode":0,"name":"Shaded","section":"Shading Mode"},"sceneLighting":true,"audioPlay":false,"sceneViewState":{"m_AlwaysRefresh":false,"showFog":true,"showSkybox":true,"showFlares":true,"showImageEffects":true,"showParticleSystems":true,"showVisualEffectGraphs":true,"m_FxEnabled":true},"in2DMode":false,"pivot":{"x":2.720637321472168,"y":-3.5456714630126955,"z":1.6461491584777833},"rotation":{"x":0.10651658475399018,"y":-0.4063340127468109,"z":0.047759003937244418,"w":0.9062401056289673},"size":9.32846450805664,"orthographic":true}