{"cameraMode":{"drawMode":0,"name":"Shaded","section":"Shading Mode"},"sceneLighting":true,"audioPlay":false,"sceneViewState":{"m_AlwaysRefresh":false,"showFog":true,"showSkybox":true,"showFlares":true,"showImageEffects":true,"showParticleSystems":true,"showVisualEffectGraphs":true,"m_FxEnabled":true},"in2DMode":false,"pivot":{"x":-0.5595666766166687,"y":1.399999976158142,"z":-0.008394446223974228},"rotation":{"x":0.017996089532971383,"y":-0.017996396869421006,"z":0.00032396294409409165,"w":0.9996771216392517},"size":2.8871219158172609,"orthographic":true}