{"cameraMode":{"drawMode":0,"name":"Shaded","section":"Shading Mode"},"sceneLighting":true,"audioPlay":false,"sceneViewState":{"m_AlwaysRefresh":false,"showFog":true,"showSkybox":true,"showFlares":true,"showImageEffects":true,"showParticleSystems":true,"showVisualEffectGraphs":true,"m_FxEnabled":true},"in2DMode":false,"pivot":{"x":0.724637508392334,"y":-0.23149585723876954,"z":2.615656852722168},"rotation":{"x":0.10651658475399018,"y":-0.4063340127468109,"z":0.047759003937244418,"w":0.9062401056289673},"size":7.244753360748291,"orthographic":true}