{"cameraMode":{"drawMode":0,"name":"Shaded","section":"Shading Mode"},"sceneLighting":true,"audioPlay":false,"sceneViewState":{"m_AlwaysRefresh":false,"showFog":true,"showSkybox":true,"showFlares":true,"showImageEffects":true,"showParticleSystems":true,"showVisualEffectGraphs":true,"m_FxEnabled":true},"in2DMode":false,"pivot":{"x":-1.7568635940551758,"y":0.6444060206413269,"z":-2.594788074493408},"rotation":{"x":0.10651658475399018,"y":-0.4063340127468109,"z":0.047759003937244418,"w":0.9062401056289673},"size":5.560000419616699,"orthographic":true}